{"Myriel":{"x":-319.5938720703125,"y":-554.8636474609375},"Napoleon":{"x":-371.102294921875,"y":-597.3857421875},"Mlle.Baptistine":{"x":-243.19654846191406,"y":-412.5160217285156},"Mme.Magloire":{"x":-261.1895446777344,"y":-407.1710205078125},"CountessdeLo":{"x":-351.65069580078125,"y":-608.175048828125},"Geborand":{"x":-357.7313537597656,"y":-632.88134765625},"Champtercier":{"x":-331.6962585449219,"y":-613.2356567382812},"Cravatte":{"x":-374.6083068847656,"y":-618.6746826171875},"Count":{"x":-316.7993469238281,"y":-627.67431640625},"OldMan":{"x":-337.1902770996094,"y":-638.0137329101562},"Labarre":{"x":-196.04751586914062,"y":-206.07435607910156},"Valjean":{"x":-139.4636688232422,"y":-131.9685516357422},"Marguerite":{"x":-296.9861145019531,"y":-11.065747261047363},"Mme.deR":{"x":-175.80589294433594,"y":-204.32505798339844},"Isabeau":{"x":-202.56765747070312,"y":-184.3802490234375},"Gervais":{"x":-175.2349395751953,"y":-225.46409606933594},"Tholomyes":{"x":-364.1100158691406,"y":229.74696350097656},"Listolier":{"x":-497.5599670410156,"y":223.6985626220703},"Fameuil":{"x":-483.51434326171875,"y":274.7868347167969},"Blacheville":{"x":-454.1170349121094,"y":272.83612060546875},"Favourite":{"x":-468.734375,"y":219.8541259765625},"Dahlia":{"x":-500.7531433105469,"y":252.30413818359375},"Zephine":{"x":-454.21685791015625,"y":244.15045166015625},"Fantine":{"x":-342.15960693359375,"y":110.13361358642578},"Mme.Thenardier":{"x":-55.454769134521484,"y":20.180898666381836},"Thenardier":{"x":16.608823776245117,"y":19.00442886352539},"Cosette":{"x":-105.6224594116211,"y":95.86400604248047},"Javert":{"x":-71.88691711425781,"y":-48.92572021484375},"Fauchelevent":{"x":-108.65303802490234,"y":-249.78720092773438},"Bamatabois":{"x":-320.6305236816406,"y":-151.48208618164062},"Perpetue":{"x":-356.4841003417969,"y":52.70114517211914},"Simplice":{"x":-264.0255126953125,"y":3.9145567417144775},"Scaufflaire":{"x":-153.30738830566406,"y":-216.76480102539062},"Woman1":{"x":-158.19863891601562,"y":-80.40625},"Judge":{"x":-366.9010925292969,"y":-232.15151977539062},"Champmathieu":{"x":-336.9045104980469,"y":-209.40663146972656},"Brevet":{"x":-321.26422119140625,"y":-233.02935791015625},"Chenildieu":{"x":-365.0048828125,"y":-203.91456604003906},"Cochepaille":{"x":-343.866943359375,"y":-249.0477294921875},"Pontmercy":{"x":59.57659149169922,"y":191.4292449951172},"Boulatruelle":{"x":9.156700134277344,"y":82.76083374023438},"Eponine":{"x":124.48265838623047,"y":10.975862503051758},"Anzelma":{"x":40.5140380859375,"y":56.05881118774414},"Woman2":{"x":-149.51480102539062,"y":-24.99604606628418},"MotherInnocent":{"x":-137.12112426757812,"y":-262.8317565917969},"Gribier":{"x":-107.63961791992188,"y":-336.37353515625},"Jondrette":{"x":512.7171020507812,"y":-210.77003479003906},"Mme.Burgon":{"x":445.8450927734375,"y":-160.9846649169922},"Gavroche":{"x":271.94744873046875,"y":-22.884611129760742},"Gillenormand":{"x":-29.188657760620117,"y":156.00843811035156},"Magnon":{"x":-71.35029602050781,"y":135.9672088623047},"Mlle.Gillenormand":{"x":-50.69566345214844,"y":195.80865478515625},"Mme.Pontmercy":{"x":0.7528436183929443,"y":268.0276794433594},"Mlle.Vaubois":{"x":-75.28184509277344,"y":285.63482666015625},"Lt.Gillenormand":{"x":-8.336037635803223,"y":202.83279418945312},"Marius":{"x":149.59442138671875,"y":135.3687286376953},"BaronessT":{"x":70.03011322021484,"y":219.35992431640625},"Mabeuf":{"x":315.9121398925781,"y":98.8280258178711},"Enjolras":{"x":275.9970703125,"y":58.15005874633789},"Combeferre":{"x":385.9283752441406,"y":64.12553405761719},"Prouvaire":{"x":434.0696105957031,"y":46.24740219116211},"Feuilly":{"x":377.1950378417969,"y":102.29449462890625},"Courfeyrac":{"x":344.7767333984375,"y":129.05642700195312},"Bahorel":{"x":390.31787109375,"y":148.2519989013672},"Bossuet":{"x":339.99859619140625,"y":45.74384307861328},"Joly":{"x":417.08526611328125,"y":121.08226013183594},"Grantaire":{"x":457.9179382324219,"y":87.14999389648438},"MotherPlutarch":{"x":412.1767578125,"y":12.456450462341309},"Gueulemer":{"x":45.698734283447266,"y":-97.7848129272461},"Babet":{"x":36.17210388183594,"y":-66.52565002441406},"Claquesous":{"x":62.680694580078125,"y":-43.426212310791016},"Montparnasse":{"x":82.17730712890625,"y":-100.35445404052734},"Toussaint":{"x":-147.5833740234375,"y":-3.969088315963745},"Child1":{"x":373.2082214355469,"y":-125.63217163085938},"Child2":{"x":359.4578857421875,"y":-134.36244201660156},"Brujon":{"x":126.8355484008789,"y":-74.54096221923828},"Mme.Hucheloup":{"x":425.4888000488281,"y":80.81478118896484}}